id,batchID,batchIDLastChangedAt,groupID,groupIDLastChangedAt,status,statusLastChangedAt,treatmentName,treatmentNameLastChangedAt,endedReason,endedReasonLastChangedAt,start,startLastChangedAt,lobbyTimerID,lobbyTimerIDLastChangedAt,roundIndex,roundIndexLastChangedAt,stageID,stageIDLastChangedAt,treatment,treatmentLastChangedAt,ended,endedLastChangedAt,chat,chatLastChangedAt
01HJA8Q2DW7RJCJ8F8C4JCP2EK,01HJA8Q2D9KAJ86YA4RDY2J2FX,2023-12-22T21:40:21.949002-05:00,01HJA8Q2E6JXT2C1VCA0Z1JEV7,2023-12-22T21:40:21.963456-05:00,terminated,2023-12-23T13:38:54.612058-05:00,Two Players,2023-12-22T21:40:21.949002-05:00,batch ended,2023-12-23T13:38:54.612058-05:00,true,2023-12-23T13:38:12.891098-05:00,01HJBZGFBTVCVM6A7DP7TFZBFH,2023-12-23T13:37:57.5068-05:00,7,2023-12-23T13:38:12.928605-05:00,,2023-12-23T13:38:54.63808-05:00,"{""playerCount"":2}",2023-12-22T21:40:21.949002-05:00,true,2023-12-23T13:38:54.63808-05:00,,
01HJBZKCHAA5N4F5CQ2DEK9DFK,01HJBZKCGYXS6PJCEJ5YAAQBJ1,2023-12-23T13:39:32.906159-05:00,01HJBZKCHHRMY9711GKTSYVWKV,2023-12-23T13:39:32.920031-05:00,ended,2023-12-23T13:41:04.958705-05:00,Solo,2023-12-23T13:39:32.906159-05:00,end of game,2023-12-23T13:41:04.958705-05:00,true,2023-12-23T13:39:52.773895-05:00,,,7,2023-12-23T13:39:52.874493-05:00,,2023-12-23T13:41:04.949349-05:00,"{""playerCount"":1}",2023-12-23T13:39:32.906159-05:00,true,2023-12-23T13:41:04.949349-05:00,,
01HJC19KPH3KBDX1R0NEQEK8D3,01HJC19KNK9ZQRGYH0JXVGFCME,2023-12-23T14:09:09.713915-05:00,01HJC19KPQJMXC7XE2PJQZP5GF,2023-12-23T14:09:09.733817-05:00,terminated,2023-12-23T14:10:00.675685-05:00,Two Players,2023-12-23T14:09:09.713915-05:00,batch ended,2023-12-23T14:10:00.675685-05:00,true,2023-12-23T14:09:52.22245-05:00,01HJC1AD1B77RERHC90RR9NX5H,2023-12-23T14:09:35.666143-05:00,7,2023-12-23T14:09:52.256504-05:00,,2023-12-23T14:10:00.701165-05:00,"{""playerCount"":2}",2023-12-23T14:09:09.713915-05:00,true,2023-12-23T14:10:00.701165-05:00,,
01HJC1BGQHTKWM50GRNSZJZ6GE,01HJC1BGQB97MT6JYBFA9P3S3C,2023-12-23T14:10:12.209351-05:00,01HJC1BGQNTT2G9E4PS3AXW8YV,2023-12-23T14:10:12.218501-05:00,ended,2023-12-23T14:12:28.967827-05:00,Solo,2023-12-23T14:10:12.209351-05:00,end of game,2023-12-23T14:12:28.967827-05:00,true,2023-12-23T14:10:27.820454-05:00,,,7,2023-12-23T14:10:27.923669-05:00,,2023-12-23T14:12:28.960955-05:00,"{""playerCount"":1}",2023-12-23T14:10:12.209351-05:00,true,2023-12-23T14:12:28.960955-05:00,,
01HJC1FT2E88XCBDBKE20YZ56B,01HJC1FT26XKWFCC1M4MWNFPSP,2023-12-23T14:12:32.846591-05:00,01HJC1FT2M5TBZHGHY7SZNMPRV,2023-12-23T14:12:32.860766-05:00,ended,2023-12-23T14:14:20.793458-05:00,Solo,2023-12-23T14:12:32.846591-05:00,end of game,2023-12-23T14:14:20.793458-05:00,true,2023-12-23T14:12:47.496092-05:00,,,7,2023-12-23T14:12:47.595613-05:00,,2023-12-23T14:14:20.788-05:00,"{""playerCount"":1}",2023-12-23T14:12:32.846591-05:00,true,2023-12-23T14:14:20.788-05:00,,
01HJC31X0SRH4PZ8DESHJ66DTM,01HJC31X081Y34RSPJ2NG9065V,2023-12-23T14:39:54.265339-05:00,01HJC31X128XF2DJ0DMW2WE3CR,2023-12-23T14:39:54.2824-05:00,terminated,2023-12-23T14:40:59.119614-05:00,Two Players,2023-12-23T14:39:54.265339-05:00,batch ended,2023-12-23T14:40:59.119614-05:00,true,2023-12-23T14:40:17.975183-05:00,01HJC32JVAH8Q8X4FMYS8QF4FQ,2023-12-23T14:40:16.62432-05:00,7,2023-12-23T14:40:18.012624-05:00,,2023-12-23T14:40:59.151415-05:00,"{""playerCount"":2}",2023-12-23T14:39:54.265339-05:00,true,2023-12-23T14:40:59.151415-05:00,,
01HJC341NPY8P2ZSKMRTKV8WDS,01HJC341NDY67B4C20JKPTJNY4,2023-12-23T14:41:04.566103-05:00,01HJC341NZ9A5VK2VVFV6VJCZ1,2023-12-23T14:41:04.580615-05:00,terminated,2023-12-23T14:42:42.448481-05:00,Two Players,2023-12-23T14:41:04.566103-05:00,batch ended,2023-12-23T14:42:42.448481-05:00,true,2023-12-23T14:41:51.680587-05:00,01HJC34TKMGNAPS3QAF0MVJQXC,2023-12-23T14:41:30.105611-05:00,7,2023-12-23T14:41:51.718407-05:00,,2023-12-23T14:42:42.477447-05:00,"{""playerCount"":2}",2023-12-23T14:41:04.566103-05:00,true,2023-12-23T14:42:42.477447-05:00,,
01HJC372CG0H78ARGMA8R9AC11,01HJC372C7GHTWSS2EPXP7YPY8,2023-12-23T14:42:43.600742-05:00,01HJC372CQH94CTR5SDTDAFFF4,2023-12-23T14:42:43.613968-05:00,terminated,2023-12-23T14:43:40.990728-05:00,Two Players,2023-12-23T14:42:43.600742-05:00,batch ended,2023-12-23T14:43:40.990728-05:00,true,2023-12-23T14:43:02.791242-05:00,01HJC37KKWV7W6NBSV1GR7TTXX,2023-12-23T14:43:01.249053-05:00,7,2023-12-23T14:43:02.824372-05:00,,2023-12-23T14:43:41.019809-05:00,"{""playerCount"":2}",2023-12-23T14:42:43.600742-05:00,true,2023-12-23T14:43:41.019809-05:00,,
01HJC38Y8AQ4E6NF1EGTPM26CN,01HJC38Y7ZPZFYSSJ4635WP7JA,2023-12-23T14:43:44.906407-05:00,01HJC38Y8H28NMNYZV0D577DEG,2023-12-23T14:43:44.9205-05:00,terminated,2023-12-23T14:56:41.02522-05:00,Two Players,2023-12-23T14:43:44.906407-05:00,batch ended,2023-12-23T14:56:41.02522-05:00,true,2023-12-23T14:49:16.557828-05:00,01HJC3JZ9ZTA8FXYJ8CF2A8VPK,2023-12-23T14:49:13.669059-05:00,7,2023-12-23T14:49:16.594568-05:00,,2023-12-23T14:56:41.039056-05:00,"{""playerCount"":2}",2023-12-23T14:43:44.906407-05:00,true,2023-12-23T14:56:41.039056-05:00,,
01HJC40N5T62QMMRK7FD6Q6C8R,01HJC40N5QXZM9EF2821BY15F8,2023-12-23T14:56:42.04239-05:00,01HJC40N5X2W5GTTT44W2CXCN3,2023-12-23T14:56:42.047949-05:00,ended,2023-12-23T15:56:17.228526-05:00,Two Players,2023-12-23T14:56:42.04239-05:00,end of game,2023-12-23T15:56:17.228526-05:00,true,2023-12-23T14:57:04.072671-05:00,01HJC4190CJQ6P11PAWT43G4XW,2023-12-23T14:57:02.350291-05:00,7,2023-12-23T14:57:04.087557-05:00,,2023-12-23T15:56:17.222971-05:00,"{""playerCount"":2}",2023-12-23T14:56:42.04239-05:00,true,2023-12-23T15:56:17.222971-05:00,"{""text"":""hi"",""sender"":{""id"":""01HJC4178J5AFHGBGC10SHKS66"",""name"":""01HJC4178J5AFHGBGC10SHKS66""}}",2023-12-23T15:00:58.499003-05:00
01HJEHC95NA50VZBFKZGEGVXEY,01HJEHC957QN5HR1N594JT2C2M,2023-12-24T13:28:43.317209-05:00,01HJEHC95XMH8E7QGRXPY2CCNB,2023-12-24T13:28:43.331303-05:00,terminated,2023-12-24T13:38:55.639373-05:00,Two Players,2023-12-24T13:28:43.317209-05:00,batch ended,2023-12-24T13:38:55.639373-05:00,true,2023-12-24T13:29:12.357692-05:00,01HJEHD4GNG26JJ0YFEG0RTT4W,2023-12-24T13:29:11.323051-05:00,7,2023-12-24T13:29:12.393481-05:00,,2023-12-24T13:38:55.660358-05:00,"{""playerCount"":2}",2023-12-24T13:28:43.317209-05:00,true,2023-12-24T13:38:55.660358-05:00,"{""text"":""342"",""sender"":{""id"":""01HJEHD15H3D73EEXKG6KKY5MR"",""name"":""01HJEHD15H3D73EEXKG6KKY5MR""}}",2023-12-24T13:33:31.197912-05:00
01HJEJBGNF6NXKVER71QXDTQDD,01HJEJBGN340G6BH3DK2BHG5GN,2023-12-24T13:45:46.799356-05:00,01HJEJBGNQWBPEF0E841CR7SRR,2023-12-24T13:45:46.813152-05:00,terminated,2023-12-24T14:12:07.501015-05:00,Two Players,2023-12-24T13:45:46.799356-05:00,batch ended,2023-12-24T14:12:07.501015-05:00,true,2023-12-24T13:46:03.717465-05:00,01HJEJBS3AP4H554FXH544BNMD,2023-12-24T13:45:55.441248-05:00,7,2023-12-24T13:46:03.752358-05:00,,2023-12-24T14:12:07.603149-05:00,"{""playerCount"":2}",2023-12-24T13:45:46.799356-05:00,true,2023-12-24T14:12:07.603149-05:00,,
01HJEKW76AB9B76W4H8XJ7VM2A,01HJEKW75V21GQMFAX25JP3S7N,2023-12-24T14:12:22.730571-05:00,01HJEKW76K0FXKXH449SVSDDQK,2023-12-24T14:12:22.748987-05:00,ended,2023-12-24T14:17:41.893723-05:00,Two Players,2023-12-24T14:12:22.730571-05:00,end of game,2023-12-24T14:17:41.893723-05:00,true,2023-12-24T14:12:54.53374-05:00,01HJEKX4K17C1PRZBEPZVT35W5,2023-12-24T14:12:52.837326-05:00,7,2023-12-24T14:12:54.571401-05:00,,2023-12-24T14:17:41.88241-05:00,"{""playerCount"":2}",2023-12-24T14:12:22.730571-05:00,true,2023-12-24T14:17:41.88241-05:00,,
01HJEM67HKFPPCJBVPPYX0QGEW,01HJEM67H4DJVWSX0TMTY91E1M,2023-12-24T14:17:50.771373-05:00,01HJEM67HWXTPFF5820K6DN0QG,2023-12-24T14:17:50.788942-05:00,ended,2023-12-24T14:21:18.893639-05:00,Two Players,2023-12-24T14:17:50.771373-05:00,end of game,2023-12-24T14:21:18.893639-05:00,true,2023-12-24T14:18:03.269392-05:00,01HJEM6EN9KFM2KJZAEKG1HQX0,2023-12-24T14:17:58.063471-05:00,7,2023-12-24T14:18:03.310646-05:00,,2023-12-24T14:21:18.883073-05:00,"{""playerCount"":2}",2023-12-24T14:17:50.771373-05:00,true,2023-12-24T14:21:18.883073-05:00,,
01HJEMCSQF7VWRR5J12BNPZ4XZ,01HJEMCSQ5FK7EBC3QHJY1VMF2,2023-12-24T14:21:26.000109-05:00,01HJEMCSQVJ8JAG7XTK2YA99XA,2023-12-24T14:21:26.020277-05:00,ended,2023-12-24T14:31:10.8814-05:00,Two Players,2023-12-24T14:21:26.000109-05:00,end of game,2023-12-24T14:31:10.8814-05:00,true,2023-12-24T14:21:36.632926-05:00,01HJEMD2YEGHZV56F0SPBQK72X,2023-12-24T14:21:35.443244-05:00,7,2023-12-24T14:21:36.669053-05:00,,2023-12-24T14:31:10.874645-05:00,"{""playerCount"":2}",2023-12-24T14:21:26.000109-05:00,true,2023-12-24T14:31:10.874645-05:00,,
01HJEMZRAA0CFAVDQQMG340SGH,01HJEMZR9RA88SJVVSDVECXGAP,2023-12-24T14:31:47.146479-05:00,01HJEMZRAK5B10HFRZXTVJSW8B,2023-12-24T14:31:47.162463-05:00,ended,2023-12-24T18:05:27.979703-05:00,Two Players,2023-12-24T14:31:47.146479-05:00,end of game,2023-12-24T18:05:27.979703-05:00,true,2023-12-24T14:32:04.28322-05:00,01HJEN07RWYFRBZ0DE1JCC5T2Q,2023-12-24T14:32:02.974637-05:00,7,2023-12-24T14:32:04.306353-05:00,,2023-12-24T18:05:27.967191-05:00,"{""playerCount"":2}",2023-12-24T14:31:47.146479-05:00,true,2023-12-24T18:05:27.967191-05:00,,
01HJF1766NGN9YNH0F3PY7FWZD,01HJF1766ACYDC10P840G0KVM7,2023-12-24T18:05:33.653718-05:00,01HJF1766Z5WEXR75XR36N3M0F,2023-12-24T18:05:33.669762-05:00,ended,2023-12-24T18:09:59.631314-05:00,Two Players,2023-12-24T18:05:33.653718-05:00,end of game,2023-12-24T18:09:59.631314-05:00,true,2023-12-24T18:05:45.064772-05:00,01HJF17FCA777TBYBAMGA5NFM9,2023-12-24T18:05:43.056509-05:00,7,2023-12-24T18:05:45.102498-05:00,,2023-12-24T18:09:59.619898-05:00,"{""playerCount"":2}",2023-12-24T18:05:33.653718-05:00,true,2023-12-24T18:09:59.619898-05:00,,
01HJF1FDV79XB5959Z33FP9TMH,01HJF1FDTV84Q7TPMGZM61V3SB,2023-12-24T18:10:03.623895-05:00,01HJF1FDVJTRXFZT3FJ4EWKAFN,2023-12-24T18:10:03.64212-05:00,terminated,2023-12-24T19:03:40.508406-05:00,Two Players,2023-12-24T18:10:03.623895-05:00,batch ended,2023-12-24T19:03:40.508406-05:00,true,2023-12-24T18:10:17.681747-05:00,01HJF1FSR8EM0NQ59VD4XYA31N,2023-12-24T18:10:15.82163-05:00,7,2023-12-24T18:10:17.719768-05:00,,2023-12-24T19:03:40.540457-05:00,"{""playerCount"":2}",2023-12-24T18:10:03.623895-05:00,true,2023-12-24T19:03:40.540457-05:00,,
01HJF4HQN3TDQW8E3PWPA34JES,01HJF4HQMRMV6HWKR9CA9TMJFC,2023-12-24T19:03:44.931895-05:00,01HJF4HQNH7B8K1JADF1JM9G7Z,2023-12-24T19:03:44.9529-05:00,ended,2023-12-24T20:18:09.333078-05:00,Two Players,2023-12-24T19:03:44.931895-05:00,end of game,2023-12-24T20:18:09.333078-05:00,true,2023-12-24T19:04:03.70217-05:00,01HJF4J96768J7C64NBVNW9BD0,2023-12-24T19:04:02.892773-05:00,7,2023-12-24T19:04:03.739784-05:00,,2023-12-24T20:18:09.323264-05:00,"{""playerCount"":2}",2023-12-24T19:03:44.931895-05:00,true,2023-12-24T20:18:09.323264-05:00,,
01HJKMBXC3YVFESBHG197W2J31,01HJKMBXBFBE3634KD558C5V7Q,2023-12-26T12:57:09.123496-05:00,01HJKMBXCDHRP8KWVXCZ486DE1,2023-12-26T12:57:09.142141-05:00,ended,2023-12-26T13:19:27.727678-05:00,Solo,2023-12-26T12:57:09.123496-05:00,end of game,2023-12-26T13:19:27.727678-05:00,true,2023-12-26T12:57:17.129153-05:00,01HJKMC56KYP4J0GMFHHXMTXEJ,2023-12-26T12:57:17.164277-05:00,7,2023-12-26T12:57:17.164277-05:00,,2023-12-26T13:19:27.714564-05:00,"{""playerCount"":1}",2023-12-26T12:57:09.123496-05:00,true,2023-12-26T13:19:27.714564-05:00,,
01HJKP1CY25MSZMM60RTSVND5S,01HJKP1CXRX0FQ8SGWYDMABB86,2023-12-26T13:26:21.762582-05:00,01HJKP1CY7XWSSJ09YRRDKZQT3,2023-12-26T13:26:21.771285-05:00,ended,2023-12-26T13:30:58.79488-05:00,Solo,2023-12-26T13:26:21.762582-05:00,end of game,2023-12-26T13:30:58.79488-05:00,true,2023-12-26T13:26:29.160726-05:00,01HJKP1M5ED7KQGYEV9V11VF9J,2023-12-26T13:26:29.173016-05:00,7,2023-12-26T13:26:29.194588-05:00,,2023-12-26T13:30:58.785369-05:00,"{""playerCount"":1}",2023-12-26T13:26:21.762582-05:00,true,2023-12-26T13:30:58.785369-05:00,,
01HJKPEW82V9EQ9DKN4B4C6K4R,01HJKPEW7TW8G54AFRQJEFM65M,2023-12-26T13:33:43.426711-05:00,01HJKPEW87YPF36PSW0SHQ7NZJ,2023-12-26T13:33:43.43453-05:00,terminated,2023-12-26T13:51:01.226569-05:00,Solo,2023-12-26T13:33:43.426711-05:00,batch ended,2023-12-26T13:51:01.226569-05:00,true,2023-12-26T13:33:52.540382-05:00,01HJKPF550E6G53Z34FXTAQRRZ,2023-12-26T13:33:52.547624-05:00,7,2023-12-26T13:33:52.56084-05:00,,2023-12-26T13:51:01.237957-05:00,"{""playerCount"":1}",2023-12-26T13:33:43.426711-05:00,true,2023-12-26T13:51:01.237957-05:00,,
01HJKQEK0F3TVVB9M8AE16YPS6,01HJKQEK0BWVAEF6YG4EKQGZ34,2023-12-26T13:51:02.54321-05:00,01HJKQEK0HX28YNBYTY499WS38,2023-12-26T13:51:02.548888-05:00,terminated,2023-12-26T13:53:39.108419-05:00,Solo,2023-12-26T13:51:02.54321-05:00,batch ended,2023-12-26T13:53:39.108419-05:00,true,2023-12-26T13:51:11.12936-05:00,01HJKQEVCXS1P03076X07J7TEY,2023-12-26T13:51:11.135677-05:00,7,2023-12-26T13:51:11.146567-05:00,,2023-12-26T13:53:39.176977-05:00,"{""playerCount"":1}",2023-12-26T13:51:02.54321-05:00,true,2023-12-26T13:53:39.176977-05:00,,
01HJKQKD6T3215TKFTKM5VTKMT,01HJKQKD6PBAHW7S2WVT9PGTGP,2023-12-26T13:53:40.442193-05:00,01HJKQKD6XSFN6BZ10SP27RRVZ,2023-12-26T13:53:40.448795-05:00,terminated,2023-12-26T13:55:26.616449-05:00,Solo,2023-12-26T13:53:40.442193-05:00,batch ended,2023-12-26T13:55:26.616449-05:00,true,2023-12-26T13:53:47.277674-05:00,01HJKQKKWG1S54TZMT3JM15DD6,2023-12-26T13:53:47.281849-05:00,7,2023-12-26T13:53:47.290739-05:00,,2023-12-26T13:55:26.630599-05:00,"{""playerCount"":1}",2023-12-26T13:53:40.442193-05:00,true,2023-12-26T13:55:26.630599-05:00,,
01HJKQPNVYFR3THFQCEV5ZTGAJ,01HJKQPNVT8G1GYRYPHGVW81RQ,2023-12-26T13:55:27.614915-05:00,01HJKQPNW1EXTRPYKF0WCFS5E2,2023-12-26T13:55:27.621038-05:00,terminated,2023-12-26T13:59:01.695368-05:00,Solo,2023-12-26T13:55:27.614915-05:00,batch ended,2023-12-26T13:59:01.695368-05:00,true,2023-12-26T13:55:35.305083-05:00,01HJKQPXCBBP41776MGDC2AK4H,2023-12-26T13:55:35.308522-05:00,7,2023-12-26T13:55:35.319513-05:00,,2023-12-26T13:59:01.706231-05:00,"{""playerCount"":1}",2023-12-26T13:55:27.614915-05:00,true,2023-12-26T13:59:01.706231-05:00,,
01HJKQXF6HB020N25E9CD49WY2,01HJKQXF6EX8GPMADXVW1NG4WH,2023-12-26T13:59:10.16184-05:00,01HJKQXF6NT52J2RERJE39W6FZ,2023-12-26T13:59:10.168008-05:00,ended,2023-12-26T14:14:20.166425-05:00,Two Players,2023-12-26T13:59:10.16184-05:00,end of game,2023-12-26T14:14:20.166425-05:00,true,2023-12-26T13:59:30.140571-05:00,01HJKQY18DETPVSJTBA231AY74,2023-12-26T13:59:28.654901-05:00,7,2023-12-26T13:59:30.153002-05:00,,2023-12-26T14:14:20.160914-05:00,"{""playerCount"":2}",2023-12-26T13:59:10.16184-05:00,true,2023-12-26T14:14:20.160914-05:00,,
01HJKRVC7F3WKD1FDQD6F7X6WZ,01HJKRVC72YW8EXCV1TBCR2BVT,2023-12-26T14:15:30.159146-05:00,01HJKRVC7MAK8B53B7A9EGPZ26,2023-12-26T14:15:30.166799-05:00,ended,2023-12-26T14:26:52.769123-05:00,Two Players,2023-12-26T14:15:30.159146-05:00,end of game,2023-12-26T14:26:52.769123-05:00,true,2023-12-26T14:15:37.624628-05:00,01HJKRVJ8YTGR5744VDNDFD68P,2023-12-26T14:15:36.353252-05:00,7,2023-12-26T14:15:37.636169-05:00,,2023-12-26T14:26:52.762703-05:00,"{""playerCount"":2}",2023-12-26T14:15:30.159146-05:00,true,2023-12-26T14:26:52.762703-05:00,,
01HJKSJ4HZEAB1ST95FZAXA71J,01HJKSJ4HRSD839AXV83TJGJS8,2023-12-26T14:27:55.96986-05:00,01HJKSJ4J5ZSRS6S4RXDJYJE7W,2023-12-26T14:27:55.976836-05:00,terminated,2023-12-27T18:18:43.561989-05:00,Two Players,2023-12-26T14:27:55.96986-05:00,batch ended,2023-12-27T18:18:43.561989-05:00,true,2023-12-26T14:28:06.892924-05:00,01HJKSJDRSPM6V6VFCQKN28X49,2023-12-26T14:28:05.403154-05:00,7,2023-12-26T14:28:06.904115-05:00,,2023-12-27T18:18:43.589148-05:00,"{""playerCount"":2}",2023-12-26T14:27:55.96986-05:00,true,2023-12-27T18:18:43.589148-05:00,,
01HJPS5RW7N8Z9ZH74VE188JG0,01HJPS5RVQ4ZWZDP3VMQYW4235,2023-12-27T18:18:54.087917-05:00,01HJPS5RWJ4RDBGCHXA267850X,2023-12-27T18:18:54.104589-05:00,running,2023-12-27T18:19:14.257868-05:00,Solo,2023-12-27T18:18:54.087917-05:00,,,true,2023-12-27T18:19:14.143023-05:00,01HJPS6CF6X3YHTTRCK23D6CV4,2023-12-27T18:19:14.158246-05:00,7,2023-12-27T18:19:14.184512-05:00,01HJPS6CH23JQG023STJYDYQVA,2023-12-27T18:19:21.815644-05:00,"{""playerCount"":1}",2023-12-27T18:18:54.087917-05:00,false,2023-12-27T18:18:54.087917-05:00,,
01HJPS63PBFT83V1DHBNRHBJ8R,01HJPS63P2Q1QMFB5MZSX5X85E,2023-12-27T18:19:05.163121-05:00,01HJPS63PM7SCG2XNFMX0QFG8E,2023-12-27T18:19:05.180311-05:00,,,Solo,2023-12-27T18:19:05.163121-05:00,,,false,2023-12-27T18:19:05.163121-05:00,,,,,,,"{""playerCount"":1}",2023-12-27T18:19:05.163121-05:00,false,2023-12-27T18:19:05.163121-05:00,,
01HJPS8X1CFXW0BDH9CTEN60NQ,01HJPS8X0ZZC5R6ZF61C6XN1H1,2023-12-27T18:20:36.652812-05:00,01HJPS8X1Q1JEACA1NAFQDH1FN,2023-12-27T18:20:36.671774-05:00,ended,2023-12-27T18:24:24.234355-05:00,Solo,2023-12-27T18:20:36.652812-05:00,end of game,2023-12-27T18:24:24.234355-05:00,true,2023-12-27T18:20:43.091578-05:00,01HJPS93ASGPYNZ9VD3H8V207Y,2023-12-27T18:20:43.105519-05:00,7,2023-12-27T18:20:43.133188-05:00,,2023-12-27T18:24:24.227222-05:00,"{""playerCount"":1}",2023-12-27T18:20:36.652812-05:00,true,2023-12-27T18:24:24.227222-05:00,,
01HJPSS6DE473PSY88QVXNY22Q,01HJPSS6D0BSCRFAHXA3VJ1X3K,2023-12-27T18:29:30.542594-05:00,01HJPSS6DMHG9RXNCMW2K0KQ91,2023-12-27T18:29:30.553901-05:00,terminated,2023-12-27T18:38:48.505667-05:00,Solo,2023-12-27T18:29:30.542594-05:00,batch ended,2023-12-27T18:38:48.505667-05:00,true,2023-12-27T18:29:35.682042-05:00,01HJPSSBEBPK1PQARZVNAESESQ,2023-12-27T18:29:35.69737-05:00,7,2023-12-27T18:29:35.720086-05:00,,2023-12-27T18:38:48.594819-05:00,"{""playerCount"":1}",2023-12-27T18:29:30.542594-05:00,true,2023-12-27T18:38:48.594819-05:00,,
01HJPTA888KVNSA39CMK17WTRX,01HJPTA8804QVMKT9W6YW724BA,2023-12-27T18:38:49.480537-05:00,01HJPTA88G812TE5Y4S3XB421Y,2023-12-27T18:38:49.491761-05:00,ended,2023-12-27T18:58:33.707983-05:00,Solo,2023-12-27T18:38:49.480537-05:00,end of game,2023-12-27T18:58:33.707983-05:00,true,2023-12-27T18:39:00.253253-05:00,01HJPTAJRZEKXJYKRRDK8S9K4M,2023-12-27T18:39:00.258285-05:00,7,2023-12-27T18:39:00.267768-05:00,,2023-12-27T18:58:33.700194-05:00,"{""playerCount"":1}",2023-12-27T18:38:49.480537-05:00,true,2023-12-27T18:58:33.700194-05:00,,
01HJPVF02DSS0WXFK0DDECMEWF,01HJPVF023DZAE424Q8DT5X61B,2023-12-27T18:58:53.517119-05:00,01HJPVF02HVQ5F4XDWA8HVQ2BS,2023-12-27T18:58:53.528784-05:00,ended,2023-12-27T19:18:17.920137-05:00,Solo,2023-12-27T18:58:53.517119-05:00,end of game,2023-12-27T19:18:17.920137-05:00,true,2023-12-27T18:59:05.739147-05:00,01HJPVFC0F3W3HSNSW31C29SHV,2023-12-27T18:59:05.745905-05:00,7,2023-12-27T18:59:05.754313-05:00,,2023-12-27T19:18:17.912696-05:00,"{""playerCount"":1}",2023-12-27T18:58:53.517119-05:00,true,2023-12-27T19:18:17.912696-05:00,,
01HJPWK8CS74PZZRG29QCNJBRC,01HJPWK8CJDTNJV6W04J9NGE5R,2023-12-27T19:18:41.68967-05:00,01HJPWK8CXJ19THB7NGA8PXBTF,2023-12-27T19:18:41.69611-05:00,terminated,2023-12-27T19:28:32.260364-05:00,Solo,2023-12-27T19:18:41.68967-05:00,batch ended,2023-12-27T19:28:32.260364-05:00,true,2023-12-27T19:18:44.96932-05:00,01HJPWKBKBVEVSDF083NNHVNA3,2023-12-27T19:18:44.975858-05:00,7,2023-12-27T19:18:44.988402-05:00,,2023-12-27T19:28:32.323647-05:00,"{""playerCount"":1}",2023-12-27T19:18:41.68967-05:00,true,2023-12-27T19:28:32.323647-05:00,,
01HJPX5AA5Z95HB65XAVPX9QET,01HJPX5AA1CGH4JVK292S9YMM1,2023-12-27T19:28:33.477537-05:00,01HJPX5AA9VDWQPQM3YQR5R19B,2023-12-27T19:28:33.482294-05:00,terminated,2023-12-27T19:31:53.869774-05:00,Solo,2023-12-27T19:28:33.477537-05:00,batch ended,2023-12-27T19:31:53.869774-05:00,true,2023-12-27T19:28:40.215936-05:00,01HJPX5GWS82XJ19E5AYVEBEJJ,2023-12-27T19:28:40.221939-05:00,11,2023-12-27T19:28:40.235324-05:00,,2023-12-27T19:31:53.881582-05:00,"{""playerCount"":1}",2023-12-27T19:28:33.477537-05:00,true,2023-12-27T19:31:53.881582-05:00,,
01HJPXBEYT9J1B6XVGZXNTRWMQ,01HJPXBEYQEK73JBXMHPB7NWA1,2023-12-27T19:31:54.842872-05:00,01HJPXBEYXF4E3TKC35GNGW88T,2023-12-27T19:31:54.848399-05:00,ended,2023-12-27T19:35:40.262011-05:00,Solo,2023-12-27T19:31:54.842872-05:00,end of game,2023-12-27T19:35:40.262011-05:00,true,2023-12-27T19:31:59.792208-05:00,01HJPXBKSKAA07S5REEDESE982,2023-12-27T19:31:59.797536-05:00,11,2023-12-27T19:31:59.80997-05:00,,2023-12-27T19:35:40.25473-05:00,"{""playerCount"":1}",2023-12-27T19:31:54.842872-05:00,true,2023-12-27T19:35:40.25473-05:00,,
01HJPXJEDPEKJ75Q77MH6DJNB6,01HJPXJEDJD6NK22SWB1TKNGDF,2023-12-27T19:35:43.670383-05:00,01HJPXJEDS1H5EM2PN8TQCKVH7,2023-12-27T19:35:43.676336-05:00,ended,2023-12-27T19:39:00.676675-05:00,Solo,2023-12-27T19:35:43.670383-05:00,end of game,2023-12-27T19:39:00.676675-05:00,true,2023-12-27T19:35:48.909758-05:00,01HJPXJKHH30KGST08CDXDCBXY,2023-12-27T19:35:48.915697-05:00,11,2023-12-27T19:35:48.929776-05:00,,2023-12-27T19:39:00.669305-05:00,"{""playerCount"":1}",2023-12-27T19:35:43.670383-05:00,true,2023-12-27T19:39:00.669305-05:00,,
01HJPXRKAVX87TVCXPWYK0N2TJ,01HJPXRKAQH1A6W9CJ6JV78ZYD,2023-12-27T19:39:05.307168-05:00,01HJPXRKAYKTZQDWH4BQETQC1Q,2023-12-27T19:39:05.315484-05:00,running,2023-12-27T19:39:11.253988-05:00,Solo,2023-12-27T19:39:05.307168-05:00,,,true,2023-12-27T19:39:11.211318-05:00,01HJPXRS3EW107M5YQZXC2ZG5F,2023-12-27T19:39:11.21678-05:00,11,2023-12-27T19:39:11.228736-05:00,01HJPXRS567B8BWMCTW246MYNB,2023-12-27T20:14:03.502577-05:00,"{""playerCount"":1}",2023-12-27T19:39:05.307168-05:00,false,2023-12-27T19:39:05.307168-05:00,,
01HJPXRKN03VF4EK3Q89NNS24X,01HJPXRKMXXZDF9VA0D9G012XY,2023-12-27T19:39:05.632441-05:00,01HJPXRKN2THB06Q02WHGZJ2A1,2023-12-27T19:39:05.638355-05:00,,,Solo,2023-12-27T19:39:05.632441-05:00,,,false,2023-12-27T19:39:05.632441-05:00,,,,,,,"{""playerCount"":1}",2023-12-27T19:39:05.632441-05:00,false,2023-12-27T19:39:05.632441-05:00,,
01HJSBH2ZPRT5YEYCVYW6ABH0J,01HJSBH2Z5E3GE794FYJR8N12F,2023-12-28T18:18:08.118536-05:00,01HJSBH301QBZ4C4ND5MRKT996,2023-12-28T18:18:08.134479-05:00,ended,2023-12-28T18:31:11.131194-05:00,Solo,2023-12-28T18:18:08.118536-05:00,end of game,2023-12-28T18:31:11.131194-05:00,true,2023-12-28T18:18:34.274491-05:00,01HJSBHWHCQ6E068ZN6RVSD4H7,2023-12-28T18:18:34.31735-05:00,11,2023-12-28T18:18:34.31735-05:00,,2023-12-28T18:31:11.120414-05:00,"{""playerCount"":1}",2023-12-28T18:18:08.118536-05:00,true,2023-12-28T18:31:11.120414-05:00,,
01HJSCK4QR0VVSG65C76XP0S43,01HJSCK4Q4XFS0RJSFN9FQRYPY,2023-12-28T18:36:44.024528-05:00,01HJSCK4QZBFNRN96KRB3ZATSN,2023-12-28T18:36:44.037461-05:00,ended,2023-12-28T19:29:21.094204-05:00,Solo,2023-12-28T18:36:44.024528-05:00,end of game,2023-12-28T19:29:21.094204-05:00,true,2023-12-28T18:36:48.737417-05:00,01HJSCK9B7Y5YBGKN4HJTRE73E,2023-12-28T18:36:48.756026-05:00,15,2023-12-28T18:36:48.789393-05:00,,2023-12-28T19:29:21.089567-05:00,"{""playerCount"":1}",2023-12-28T18:36:44.024528-05:00,true,2023-12-28T19:29:21.089567-05:00,,
01HJSFMFYRE88962E7V1J4D04B,01HJSFMFYKH4X57G2WDH24081S,2023-12-28T19:29:54.008305-05:00,01HJSFMFYWQM5Q0F799DVFMDY1,2023-12-28T19:29:54.014931-05:00,ended,2023-12-28T20:54:21.755406-05:00,Solo,2023-12-28T19:29:54.008305-05:00,end of game,2023-12-28T20:54:21.755406-05:00,true,2023-12-28T19:30:46.90626-05:00,01HJSFP3KV4NG0QHD68Y6Q86KP,2023-12-28T19:30:46.910022-05:00,15,2023-12-28T19:30:46.930084-05:00,,2023-12-28T20:54:21.75096-05:00,"{""playerCount"":1}",2023-12-28T19:29:54.008305-05:00,true,2023-12-28T20:54:21.75096-05:00,,
01HJSMF8A7PW0BEQ6ABN5PG6QC,01HJSMF8A2X08H2M9TF14Y49RJ,2023-12-28T20:54:25.223112-05:00,01HJSMF8ABR7FB9BMXS8WJ0BQY,2023-12-28T20:54:25.229654-05:00,terminated,2023-12-29T18:22:39.724127-05:00,Solo,2023-12-28T20:54:25.223112-05:00,batch ended,2023-12-29T18:22:39.724127-05:00,true,2023-12-28T20:54:28.173167-05:00,01HJSMFB6E6A79EJF6ZKX3ZM0Y,2023-12-28T20:54:28.176862-05:00,15,2023-12-28T20:54:28.192714-05:00,,2023-12-29T18:22:39.817587-05:00,"{""playerCount"":1}",2023-12-28T20:54:25.223112-05:00,true,2023-12-29T18:22:39.817587-05:00,,
01HJVY6V5YCBCBRMNAY0SNZZQ8,01HJVY6V5D6TCBR9Y4QP80AK7J,2023-12-29T18:23:04.255097-05:00,01HJVY6V68J9Y9TSR0A2MTYV9Q,2023-12-29T18:23:04.272117-05:00,ended,2023-12-29T18:31:14.007535-05:00,Multi Player,2023-12-29T18:23:04.255097-05:00,end of game,2023-12-29T18:31:14.007535-05:00,true,2023-12-29T18:24:43.375524-05:00,01HJVY9NXH8XPQXC4S8RVD7EYJ,2023-12-29T18:24:37.175683-05:00,15,2023-12-29T18:24:43.434919-05:00,,2023-12-29T18:31:13.995532-05:00,"{""playerCount"":5}",2023-12-29T18:23:04.255097-05:00,true,2023-12-29T18:31:13.995532-05:00,,
