id,batchID,batchIDLastChangedAt,gameID,gameIDLastChangedAt,playerID,playerIDLastChangedAt
01HJBZGYD0DXM54RHGMTBR8XPX,01HJA8Q2D9KAJ86YA4RDY2J2FX,2023-12-23T13:38:12.896696-05:00,01HJA8Q2DW7RJCJ8F8C4JCP2EK,2023-12-23T13:38:12.896696-05:00,01HJA8QXRFD1PH63YH5FEWH15T,2023-12-23T13:38:12.896696-05:00
01HJBZGYD41MDD5VGB2VBD2B36,01HJA8Q2D9KAJ86YA4RDY2J2FX,2023-12-23T13:38:12.900935-05:00,01HJA8Q2DW7RJCJ8F8C4JCP2EK,2023-12-23T13:38:12.900935-05:00,01HJBZGWGKYTCA1HVVDE61X30B,2023-12-23T13:38:12.900935-05:00
01HJBZM012DZMFPPP7V6P8VQE1,01HJBZKCGYXS6PJCEJ5YAAQBJ1,2023-12-23T13:39:52.866105-05:00,01HJBZKCHAA5N4F5CQ2DEK9DFK,2023-12-23T13:39:52.866105-05:00,01HJBZKX1B48D1100NAYF9JK1N,2023-12-23T13:39:52.866105-05:00
01HJC1AX72HCSGQCW24Y8HMQHF,01HJC19KNK9ZQRGYH0JXVGFCME,2023-12-23T14:09:52.226405-05:00,01HJC19KPH3KBDX1R0NEQEK8D3,2023-12-23T14:09:52.226405-05:00,01HJC1AA1CVGNAKQMNZ7HW5BRP,2023-12-23T14:09:52.226405-05:00
01HJC1AX76E66S8XZEBSVJQT1W,01HJC19KNK9ZQRGYH0JXVGFCME,2023-12-23T14:09:52.230739-05:00,01HJC19KPH3KBDX1R0NEQEK8D3,2023-12-23T14:09:52.230739-05:00,01HJC1AVMZSPE1RKJKTW8WTWVB,2023-12-23T14:09:52.230739-05:00
01HJC1C02B02QW98NWZWBTTWAN,01HJC1BGQB97MT6JYBFA9P3S3C,2023-12-23T14:10:27.915037-05:00,01HJC1BGQHTKWM50GRNSZJZ6GE,2023-12-23T14:10:27.915037-05:00,01HJC1BYY9VS70X4SK6T547ENC,2023-12-23T14:10:27.915037-05:00
01HJC1G8F3A1NG8TQ9NXK4EMQ2,01HJC1FT26XKWFCC1M4MWNFPSP,2023-12-23T14:12:47.587094-05:00,01HJC1FT2E88XCBDBKE20YZ56B,2023-12-23T14:12:47.587094-05:00,01HJC1G6B0X9BYH2HP5SW3ZRFD,2023-12-23T14:12:47.587094-05:00
01HJC32M5V5WREHDQ4TY2N51DS,01HJC31X081Y34RSPJ2NG9065V,2023-12-23T14:40:17.97962-05:00,01HJC31X0SRH4PZ8DESHJ66DTM,2023-12-23T14:40:17.97962-05:00,01HJC32A7SDCR3AR9VJ4F6ERZC,2023-12-23T14:40:17.97962-05:00
01HJC32M62JD0H93NWG3ZGV677,01HJC31X081Y34RSPJ2NG9065V,2023-12-23T14:40:17.986056-05:00,01HJC31X0SRH4PZ8DESHJ66DTM,2023-12-23T14:40:17.986056-05:00,01HJC32GSNEM8HZVF5PEBR3CJ3,2023-12-23T14:40:17.986056-05:00
01HJC35FP3K6F2V7FXNN9KXEFW,01HJC341NDY67B4C20JKPTJNY4,2023-12-23T14:41:51.683744-05:00,01HJC341NPY8P2ZSKMRTKV8WDS,2023-12-23T14:41:51.683744-05:00,01HJC34M3AC5W111336A2VXF59,2023-12-23T14:41:51.683744-05:00
01HJC35FP74FYKHT5NHN6JE4JS,01HJC341NDY67B4C20JKPTJNY4,2023-12-23T14:41:51.68791-05:00,01HJC341NPY8P2ZSKMRTKV8WDS,2023-12-23T14:41:51.68791-05:00,01HJC35DJWP4FQ39N72E2J15BE,2023-12-23T14:41:51.68791-05:00
01HJC37N4BM58VY2FAGW4Y7G49,01HJC372C7GHTWSS2EPXP7YPY8,2023-12-23T14:43:02.795612-05:00,01HJC372CG0H78ARGMA8R9AC11,2023-12-23T14:43:02.795612-05:00,01HJC37F4M4P6RBK7YCGJQ4TBZ,2023-12-23T14:43:02.795612-05:00
01HJC37N4GXBK2FBSCMDFXWGE9,01HJC372C7GHTWSS2EPXP7YPY8,2023-12-23T14:43:02.800569-05:00,01HJC372CG0H78ARGMA8R9AC11,2023-12-23T14:43:02.800569-05:00,01HJC37HENWY2N5DMXD934F51F,2023-12-23T14:43:02.800569-05:00
01HJC3K24KBB1VXXRBBE9PYHFC,01HJC38Y7ZPZFYSSJ4635WP7JA,2023-12-23T14:49:16.563969-05:00,01HJC38Y8AQ4E6NF1EGTPM26CN,2023-12-23T14:49:16.563969-05:00,01HJC39HR24CE3P1BY83DB8S6P,2023-12-23T14:49:16.563969-05:00
01HJC3K24SJ6VNZ9AXS5NG8VCF,01HJC38Y7ZPZFYSSJ4635WP7JA,2023-12-23T14:49:16.569955-05:00,01HJC38Y8AQ4E6NF1EGTPM26CN,2023-12-23T14:49:16.569955-05:00,01HJC39W92BYQXPQ688W3SS2NW,2023-12-23T14:49:16.569955-05:00
01HJC41APARFZAYCAGPBAPT8D7,01HJC40N5QXZM9EF2821BY15F8,2023-12-23T14:57:04.074246-05:00,01HJC40N5T62QMMRK7FD6Q6C8R,2023-12-23T14:57:04.074246-05:00,01HJC412706YK15FA1SCMF04N2,2023-12-23T14:57:04.074246-05:00
01HJC41APBPE31JM6XX8WW75DY,01HJC40N5QXZM9EF2821BY15F8,2023-12-23T14:57:04.075735-05:00,01HJC40N5T62QMMRK7FD6Q6C8R,2023-12-23T14:57:04.075735-05:00,01HJC4178J5AFHGBGC10SHKS66,2023-12-23T14:57:04.075735-05:00
01HJEHD5HAKEWP29WP7APCE0P8,01HJEHC957QN5HR1N594JT2C2M,2023-12-24T13:29:12.362727-05:00,01HJEHC95NA50VZBFKZGEGVXEY,2023-12-24T13:29:12.362727-05:00,01HJEHD15H3D73EEXKG6KKY5MR,2023-12-24T13:29:12.362727-05:00
01HJEHD5HE3K1VRHCY8DS6Q6JY,01HJEHC957QN5HR1N594JT2C2M,2023-12-24T13:29:12.366651-05:00,01HJEHC95NA50VZBFKZGEGVXEY,2023-12-24T13:29:12.366651-05:00,01HJEHD3TNCX3BYZES9GTM1KV7,2023-12-24T13:29:12.366651-05:00
01HJEJC169H43DF14HA5KP6V57,01HJEJBGN340G6BH3DK2BHG5GN,2023-12-24T13:46:03.721395-05:00,01HJEJBGNF6NXKVER71QXDTQDD,2023-12-24T13:46:03.721395-05:00,01HJEJBR0A1AAB343Y5P7ZWBZB,2023-12-24T13:46:03.721395-05:00
01HJEJC16DEEP1176RM0DF3DKM,01HJEJBGN340G6BH3DK2BHG5GN,2023-12-24T13:46:03.725756-05:00,01HJEJBGNF6NXKVER71QXDTQDD,2023-12-24T13:46:03.725756-05:00,01HJEJBZYSNHS9JMX9SMMZBPQJ,2023-12-24T13:46:03.725756-05:00
01HJEKX68BS31PKNKQV5N4EFQK,01HJEKW75V21GQMFAX25JP3S7N,2023-12-24T14:12:54.53912-05:00,01HJEKW76AB9B76W4H8XJ7VM2A,2023-12-24T14:12:54.53912-05:00,01HJEKWY5WN9HZVE9FPMPNS9R4,2023-12-24T14:12:54.53912-05:00
01HJEKX68GDYT3EDM2T5SMEBWW,01HJEKW75V21GQMFAX25JP3S7N,2023-12-24T14:12:54.544947-05:00,01HJEKW76AB9B76W4H8XJ7VM2A,2023-12-24T14:12:54.544947-05:00,01HJEKX44GAN8C1BQFC1XZEJ8W,2023-12-24T14:12:54.544947-05:00
01HJEM6KRDHDRCW1PWNCHDCC55,01HJEM67H4DJVWSX0TMTY91E1M,2023-12-24T14:18:03.27708-05:00,01HJEM67HKFPPCJBVPPYX0QGEW,2023-12-24T14:18:03.27708-05:00,01HJEM6D18CPPDKEC0Z97NH497,2023-12-24T14:18:03.27708-05:00
01HJEM6KRK5958PQGQT6ES57PF,01HJEM67H4DJVWSX0TMTY91E1M,2023-12-24T14:18:03.283772-05:00,01HJEM67HKFPPCJBVPPYX0QGEW,2023-12-24T14:18:03.283772-05:00,01HJEM6JMR41ZST84SY4RYGYSD,2023-12-24T14:18:03.283772-05:00
01HJEMD44168M43H1KR9E5VZ39,01HJEMCSQ5FK7EBC3QHJY1VMF2,2023-12-24T14:21:36.641144-05:00,01HJEMCSQF7VWRR5J12BNPZ4XZ,2023-12-24T14:21:36.641144-05:00,01HJEMCXJ1KN2Y5SHK7WYY7NJT,2023-12-24T14:21:36.641144-05:00
01HJEMD446RNN375MTGAFE2SWB,01HJEMCSQ5FK7EBC3QHJY1VMF2,2023-12-24T14:21:36.646824-05:00,01HJEMCSQF7VWRR5J12BNPZ4XZ,2023-12-24T14:21:36.646824-05:00,01HJEMD0XZRW8YN1WSY62Y16M6,2023-12-24T14:21:36.646824-05:00
01HJEN091Y1G8797EXYKQY6ZTV,01HJEMZR9RA88SJVVSDVECXGAP,2023-12-24T14:32:04.286528-05:00,01HJEMZRAA0CFAVDQQMG340SGH,2023-12-24T14:32:04.286528-05:00,01HJEN02XVSBMCCV6CD1ZGVW77,2023-12-24T14:32:04.286528-05:00
01HJEN0922V8TVYQDJ4QVFG1HE,01HJEMZR9RA88SJVVSDVECXGAP,2023-12-24T14:32:04.290052-05:00,01HJEMZRAA0CFAVDQQMG340SGH,2023-12-24T14:32:04.290052-05:00,01HJEN06HAKGA76R65RK2G9GGH,2023-12-24T14:32:04.290052-05:00
01HJF17HBD568YZ7KBRJ4VTHSH,01HJF1766ACYDC10P840G0KVM7,2023-12-24T18:05:45.069767-05:00,01HJF1766NGN9YNH0F3PY7FWZD,2023-12-24T18:05:45.069767-05:00,01HJF17A04ZEKSDRK0QXC2Y336,2023-12-24T18:05:45.069767-05:00
01HJF17HBJG0MVVY17PDRP7SMC,01HJF1766ACYDC10P840G0KVM7,2023-12-24T18:05:45.074325-05:00,01HJF1766NGN9YNH0F3PY7FWZD,2023-12-24T18:05:45.074325-05:00,01HJF17DYRQ4J1X52C4G60XQ0H,2023-12-24T18:05:45.074325-05:00
01HJF1FVJPREZ8H4G23JCAXMFK,01HJF1FDTV84Q7TPMGZM61V3SB,2023-12-24T18:10:17.686689-05:00,01HJF1FDV79XB5959Z33FP9TMH,2023-12-24T18:10:17.686689-05:00,01HJF1FMMVHYSWWJ4M23EVJPXQ,2023-12-24T18:10:17.686689-05:00
01HJF1FVJVNEDY1FBMPNASE656,01HJF1FDTV84Q7TPMGZM61V3SB,2023-12-24T18:10:17.691418-05:00,01HJF1FDV79XB5959Z33FP9TMH,2023-12-24T18:10:17.691418-05:00,01HJF1FQR8X8Z8Q5ZCTBYWBET3,2023-12-24T18:10:17.691418-05:00
01HJF4J9ZVCZ529J3RR5EC7EVV,01HJF4HQMRMV6HWKR9CA9TMJFC,2023-12-24T19:04:03.707454-05:00,01HJF4HQN3TDQW8E3PWPA34JES,2023-12-24T19:04:03.707454-05:00,01HJF4J067BC3CHMXSR2PBPEYE,2023-12-24T19:04:03.707454-05:00
01HJF4JA001P92K3XPA3FX5M2F,01HJF4HQMRMV6HWKR9CA9TMJFC,2023-12-24T19:04:03.712679-05:00,01HJF4HQN3TDQW8E3PWPA34JES,2023-12-24T19:04:03.712679-05:00,01HJF4J4WB6K4V0F4RXAV6B36X,2023-12-24T19:04:03.712679-05:00
01HJKMC56H8PA29CMKBRE4DV59,01HJKMBXBFBE3634KD558C5V7Q,2023-12-26T12:57:17.137346-05:00,01HJKMBXC3YVFESBHG197W2J31,2023-12-26T12:57:17.137346-05:00,01HJKMC3FSR3PQ0S3V0YYV0AZ4,2023-12-26T12:57:17.137346-05:00
01HJKP1M5GQM4JW79HBSZDJV24,01HJKP1CXRX0FQ8SGWYDMABB86,2023-12-26T13:26:29.168755-05:00,01HJKP1CY25MSZMM60RTSVND5S,2023-12-26T13:26:29.168755-05:00,01HJKP1K6PGGYN2YQ4V40422SM,2023-12-26T13:26:29.168755-05:00
01HJKPF54ZC68980D9A6TSECTQ,01HJKPEW7TW8G54AFRQJEFM65M,2023-12-26T13:33:52.543609-05:00,01HJKPEW82V9EQ9DKN4B4C6K4R,2023-12-26T13:33:52.543609-05:00,01HJKPF1Z8NE1HT7CM164TGK9K,2023-12-26T13:33:52.543609-05:00
01HJKQEVCYAREWZMP0YSYZHGH8,01HJKQEK0BWVAEF6YG4EKQGZ34,2023-12-26T13:51:11.13431-05:00,01HJKQEK0F3TVVB9M8AE16YPS6,2023-12-26T13:51:11.13431-05:00,01HJKQET5TWFS01N7R0KK86H26,2023-12-26T13:51:11.13431-05:00
01HJKQKKWF374XCGY0KRKC87CJ,01HJKQKD6PBAHW7S2WVT9PGTGP,2023-12-26T13:53:47.279967-05:00,01HJKQKD6T3215TKFTKM5VTKMT,2023-12-26T13:53:47.279967-05:00,01HJKQKJKD1ARJYA1Z12B5S1A0,2023-12-26T13:53:47.279967-05:00
01HJKQPXCAQV5F0EPRK3VKS7X7,01HJKQPNVT8G1GYRYPHGVW81RQ,2023-12-26T13:55:35.306844-05:00,01HJKQPNVYFR3THFQCEV5ZTGAJ,2023-12-26T13:55:35.306844-05:00,01HJKQPVZSZN2DB8Z04YS9VE3H,2023-12-26T13:55:35.306844-05:00
01HJKQY2PYZY5GJA1SKFTDZA14,01HJKQXF6EX8GPMADXVW1NG4WH,2023-12-26T13:59:30.142145-05:00,01HJKQXF6HB020N25E9CD49WY2,2023-12-26T13:59:30.142145-05:00,01HJKQXR84M90HNK73PW3ZVS6A,2023-12-26T13:59:30.142145-05:00
01HJKQY2Q012KVRJXZEJV1P5HP,01HJKQXF6EX8GPMADXVW1NG4WH,2023-12-26T13:59:30.144299-05:00,01HJKQXF6HB020N25E9CD49WY2,2023-12-26T13:59:30.144299-05:00,01HJKQXZJ1FFZTEDY4MYFWRXZC,2023-12-26T13:59:30.144299-05:00
01HJKRVKGTP4TCCQXSKGVBMJYG,01HJKRVC72YW8EXCV1TBCR2BVT,2023-12-26T14:15:37.626082-05:00,01HJKRVC7F3WKD1FDQD6F7X6WZ,2023-12-26T14:15:37.626082-05:00,01HJKRVF4NFSVX6TJB7AW17D8B,2023-12-26T14:15:37.626082-05:00
01HJKRVKGVTGCMW8RTP8HG05C4,01HJKRVC72YW8EXCV1TBCR2BVT,2023-12-26T14:15:37.627892-05:00,01HJKRVC7F3WKD1FDQD6F7X6WZ,2023-12-26T14:15:37.627892-05:00,01HJKRVJ5JJKF5B18E89GCXXVH,2023-12-26T14:15:37.627892-05:00
01HJKSJF7EPSJYKDW3BTT4MJPT,01HJKSJ4HRSD839AXV83TJGJS8,2023-12-26T14:28:06.894641-05:00,01HJKSJ4HZEAB1ST95FZAXA71J,2023-12-26T14:28:06.894641-05:00,01HJKSJ9PF0W9BBZQ10H8REFS4,2023-12-26T14:28:06.894641-05:00
01HJKSJF7G8FSYZJRTZGHCDGGX,01HJKSJ4HRSD839AXV83TJGJS8,2023-12-26T14:28:06.8967-05:00,01HJKSJ4HZEAB1ST95FZAXA71J,2023-12-26T14:28:06.8967-05:00,01HJKSJCSNZ9NT3J02AVP148WA,2023-12-26T14:28:06.8967-05:00
01HJPS6CF8XCHPYWCENV5YTJBC,01HJPS5RVQ4ZWZDP3VMQYW4235,2023-12-27T18:19:14.152736-05:00,01HJPS5RW7N8Z9ZH74VE188JG0,2023-12-27T18:19:14.152736-05:00,01HJPS6B70NBYJMYNSEFPTGR0T,2023-12-27T18:19:14.152736-05:00
01HJPS93AVF112VCBDBHX2JRFJ,01HJPS8X0ZZC5R6ZF61C6XN1H1,2023-12-27T18:20:43.100041-05:00,01HJPS8X1CFXW0BDH9CTEN60NQ,2023-12-27T18:20:43.100041-05:00,01HJPS929W2D7XZJX6CZFB8QCC,2023-12-27T18:20:43.100041-05:00
01HJPSSBE9HECHFNXWRBP1GXFN,01HJPSS6D0BSCRFAHXA3VJ1X3K,2023-12-27T18:29:35.68915-05:00,01HJPSS6DE473PSY88QVXNY22Q,2023-12-27T18:29:35.68915-05:00,01HJPSSADRTTC5DE8QRQWYCM4Z,2023-12-27T18:29:35.68915-05:00
01HJPTAJS0X62EE42Q1DGW5PNY,01HJPTA8804QVMKT9W6YW724BA,2023-12-27T18:39:00.256662-05:00,01HJPTA888KVNSA39CMK17WTRX,2023-12-27T18:39:00.256662-05:00,01HJPTAHMWE877APWK95JJZ1AK,2023-12-27T18:39:00.256662-05:00
01HJPVFC0F3W3HSNSW34Z4HGBC,01HJPVF023DZAE424Q8DT5X61B,2023-12-27T18:59:05.743972-05:00,01HJPVF02DSS0WXFK0DDECMEWF,2023-12-27T18:59:05.743972-05:00,01HJPVF88M4EZ85ETJF1NG69ZE,2023-12-27T18:59:05.743972-05:00
01HJPWKBKD2M0YGT54C3G8SP7Q,01HJPWK8CJDTNJV6W04J9NGE5R,2023-12-27T19:18:44.973986-05:00,01HJPWK8CS74PZZRG29QCNJBRC,2023-12-27T19:18:44.973986-05:00,01HJPWKANMAW7A3PEB0NBC2BT4,2023-12-27T19:18:44.973986-05:00
01HJPX5GWWWM52PB2TWJ1WXBGH,01HJPX5AA1CGH4JVK292S9YMM1,2023-12-27T19:28:40.220277-05:00,01HJPX5AA5Z95HB65XAVPX9QET,2023-12-27T19:28:40.220277-05:00,01HJPX5FZD9XK65D22HAAZ2M8K,2023-12-27T19:28:40.220277-05:00
01HJPXBKSJGRHDW42D6P56YGVG,01HJPXBEYQEK73JBXMHPB7NWA1,2023-12-27T19:31:59.794363-05:00,01HJPXBEYT9J1B6XVGZXNTRWMQ,2023-12-27T19:31:59.794363-05:00,01HJPXBJT1622K08K1GD7ZFMM8,2023-12-27T19:31:59.794363-05:00
01HJPXJKHGTP1CMQW3MFEPJPR2,01HJPXJEDJD6NK22SWB1TKNGDF,2023-12-27T19:35:48.912664-05:00,01HJPXJEDPEKJ75Q77MH6DJNB6,2023-12-27T19:35:48.912664-05:00,01HJPXJJJQE6RYET9C5PN8M8M8,2023-12-27T19:35:48.912664-05:00
01HJPXRS3FS1ZBGC5JR7JRAJYY,01HJPXRKAQH1A6W9CJ6JV78ZYD,2023-12-27T19:39:11.215017-05:00,01HJPXRKAVX87TVCXPWYK0N2TJ,2023-12-27T19:39:11.215017-05:00,01HJPXRR9SWVEVS7TJTZC7H4HV,2023-12-27T19:39:11.215017-05:00
01HJSBHWHBZJZDFK0SMYVHY2YW,01HJSBH2Z5E3GE794FYJR8N12F,2023-12-28T18:18:34.283792-05:00,01HJSBH2ZPRT5YEYCVYW6ABH0J,2023-12-28T18:18:34.283792-05:00,01HJSBHVEX1DNPR5B0Z5Q21RDQ,2023-12-28T18:18:34.283792-05:00
01HJSCK9BD3QC3AX7JZ3WDRBG1,01HJSCK4Q4XFS0RJSFN9FQRYPY,2023-12-28T18:36:48.749284-05:00,01HJSCK4QR0VVSG65C76XP0S43,2023-12-28T18:36:48.749284-05:00,01HJSCK87ZT776AVNGGXRSKR41,2023-12-28T18:36:48.749284-05:00
01HJSFP3KWQZC8TY43TPNT4SRN,01HJSFMFYKH4X57G2WDH24081S,2023-12-28T19:30:46.908872-05:00,01HJSFMFYRE88962E7V1J4D04B,2023-12-28T19:30:46.908872-05:00,01HJSFNJKH52NN96J2SQKJTYVY,2023-12-28T19:30:46.908872-05:00
01HJSMFB6FJM48S32W7RGHKAW1,01HJSMF8A2X08H2M9TF14Y49RJ,2023-12-28T20:54:28.175734-05:00,01HJSMF8A7PW0BEQ6ABN5PG6QC,2023-12-28T20:54:28.175734-05:00,01HJSMFAS44ZQ1NH1C25Z8WYTN,2023-12-28T20:54:28.175734-05:00
01HJVY9VZP9R3Z39RDWEZHFXRR,01HJVY6V5D6TCBR9Y4QP80AK7J,2023-12-29T18:24:43.382854-05:00,01HJVY6V5YCBCBRMNAY0SNZZQ8,2023-12-29T18:24:43.382854-05:00,01HJVY7E2AVAKNMYD2E657STYY,2023-12-29T18:24:43.382854-05:00
01HJVY9VZWF5BKCY2GVZ6APA5T,01HJVY6V5D6TCBR9Y4QP80AK7J,2023-12-29T18:24:43.388689-05:00,01HJVY6V5YCBCBRMNAY0SNZZQ8,2023-12-29T18:24:43.388689-05:00,01HJVY85PAT0NJQWH65PKVWF7X,2023-12-29T18:24:43.388689-05:00
01HJVY9W042C8PX6RESGB1HWWM,01HJVY6V5D6TCBR9Y4QP80AK7J,2023-12-29T18:24:43.396376-05:00,01HJVY6V5YCBCBRMNAY0SNZZQ8,2023-12-29T18:24:43.396376-05:00,01HJVY8HW4ZYKDAPZ7F58Y3RNR,2023-12-29T18:24:43.396376-05:00
01HJVY9W09RA6YMVNBDC0ZPY6Y,01HJVY6V5D6TCBR9Y4QP80AK7J,2023-12-29T18:24:43.401396-05:00,01HJVY6V5YCBCBRMNAY0SNZZQ8,2023-12-29T18:24:43.401396-05:00,01HJVY8WK69E1PXYHJAM79Y1NC,2023-12-29T18:24:43.401396-05:00
01HJVY9W0DC35PWY6TBTDJ950B,01HJVY6V5D6TCBR9Y4QP80AK7J,2023-12-29T18:24:43.405203-05:00,01HJVY6V5YCBCBRMNAY0SNZZQ8,2023-12-29T18:24:43.405203-05:00,01HJVY9GMY0BAA8ZJBMWE92D57,2023-12-29T18:24:43.405203-05:00
